id,material_id,starts_from,price,created_at,updated_at
3049,2426,60,21.5,2021-07-27T17:01:40.734Z,2021-07-27T17:01:40.734Z
3197,2132,31,9.79,2021-07-29T15:04:05.979Z,2021-07-29T15:04:05.979Z
7,376,100,3.5,2021-04-16T05:27:29.967Z,2021-04-16T05:27:29.967Z
8,376,1000,3,2021-04-16T05:27:29.970Z,2021-04-16T05:27:29.970Z
9,667,300,2,2021-04-16T05:27:29.997Z,2021-04-16T05:27:29.997Z
10,667,3000,1.5,2021-04-16T05:27:30.000Z,2021-04-16T05:27:30.000Z
11,666,500,1.8,2021-04-16T05:27:30.197Z,2021-04-16T05:27:30.197Z
12,666,5000,1.3,2021-04-16T05:27:30.200Z,2021-04-16T05:27:30.200Z
13,238,200,2,2021-04-16T05:27:30.221Z,2021-04-16T05:27:30.221Z
14,238,1000,1.5,2021-04-16T05:27:30.224Z,2021-04-16T05:27:30.224Z
3198,2132,100,8.9,2021-07-29T15:04:05.982Z,2021-07-29T15:04:05.982Z
3199,1339,31,17.93,2021-07-29T15:04:06.186Z,2021-07-29T15:04:06.186Z
3327,2091,50,8.74,2021-07-29T15:11:11.325Z,2021-07-29T15:11:11.325Z
3328,2091,300,7.6,2021-07-29T15:11:11.327Z,2021-07-29T15:11:11.327Z
3329,2364,50,11.12,2021-07-29T15:11:11.350Z,2021-07-29T15:11:11.350Z
3330,2364,300,8.55,2021-07-29T15:11:11.353Z,2021-07-29T15:11:11.353Z
3331,2090,50,14.2,2021-07-29T15:11:11.382Z,2021-07-29T15:11:11.382Z
3332,2090,300,12.35,2021-07-29T15:11:11.384Z,2021-07-29T15:11:11.384Z
3333,2103,50,8.91,2021-07-29T15:11:11.410Z,2021-07-29T15:11:11.410Z
3334,2103,300,7.75,2021-07-29T15:11:11.413Z,2021-07-29T15:11:11.413Z
3335,2359,50,9.82,2021-07-29T15:11:11.433Z,2021-07-29T15:11:11.433Z
3336,2359,300,7.55,2021-07-29T15:11:11.436Z,2021-07-29T15:11:11.436Z
3337,2106,50,6.73,2021-07-29T15:11:11.461Z,2021-07-29T15:11:11.461Z
1933,1173,70,42,2021-06-18T05:45:50.472Z,2021-06-18T05:45:50.472Z
1934,1172,70,32,2021-06-18T05:45:50.507Z,2021-06-18T05:45:50.507Z
1935,1174,70,95,2021-06-18T05:45:50.533Z,2021-06-18T05:45:50.533Z
1936,1176,70,109,2021-06-18T05:45:50.560Z,2021-06-18T05:45:50.560Z
1937,1175,70,76,2021-06-18T05:45:50.587Z,2021-06-18T05:45:50.587Z
3338,2106,300,5.85,2021-07-29T15:11:11.463Z,2021-07-29T15:11:11.463Z
3339,2108,50,10.58,2021-07-29T15:11:11.487Z,2021-07-29T15:11:11.487Z
3340,2108,300,9.2,2021-07-29T15:11:11.490Z,2021-07-29T15:11:11.490Z
3341,2113,50,4.95,2021-07-29T15:11:11.518Z,2021-07-29T15:11:11.518Z
3342,2113,300,4.3,2021-07-29T15:11:11.520Z,2021-07-29T15:11:11.520Z
3343,2087,50,15.15,2021-07-29T15:11:11.540Z,2021-07-29T15:11:11.540Z
1938,1177,70,76,2021-06-18T05:45:50.614Z,2021-06-18T05:45:50.614Z
1939,1178,70,42,2021-06-18T05:45:50.641Z,2021-06-18T05:45:50.641Z
1940,1179,70,33,2021-06-18T05:45:50.667Z,2021-06-18T05:45:50.667Z
1941,1180,70,42,2021-06-18T05:45:50.694Z,2021-06-18T05:45:50.694Z
1942,1181,70,32,2021-06-18T05:45:50.721Z,2021-06-18T05:45:50.721Z
1943,1182,70,85,2021-06-18T05:45:50.748Z,2021-06-18T05:45:50.748Z
1944,1183,70,76,2021-06-18T05:45:50.774Z,2021-06-18T05:45:50.774Z
1945,1184,70,97,2021-06-18T05:45:50.802Z,2021-06-18T05:45:50.802Z
1946,1185,70,97,2021-06-18T05:45:50.828Z,2021-06-18T05:45:50.828Z
1947,2334,70,47,2021-06-18T05:45:50.871Z,2021-06-18T05:45:50.871Z
3344,2087,300,11.65,2021-07-29T15:11:11.543Z,2021-07-29T15:11:11.543Z
3345,2275,50,12.03,2021-07-29T15:11:11.562Z,2021-07-29T15:11:11.562Z
3346,2275,300,9.25,2021-07-29T15:11:11.565Z,2021-07-29T15:11:11.565Z
3347,2362,50,3.58,2021-07-29T15:11:11.584Z,2021-07-29T15:11:11.584Z
3348,2362,300,2.75,2021-07-29T15:11:11.586Z,2021-07-29T15:11:11.586Z
3349,2111,50,18.4,2021-07-29T15:11:11.610Z,2021-07-29T15:11:11.610Z
3350,2111,300,16,2021-07-29T15:11:11.612Z,2021-07-29T15:11:11.612Z
3351,2361,50,8,2021-07-29T15:11:11.632Z,2021-07-29T15:11:11.632Z
3352,2361,300,6.15,2021-07-29T15:11:11.634Z,2021-07-29T15:11:11.634Z
3353,2360,50,5.53,2021-07-29T15:11:11.653Z,2021-07-29T15:11:11.653Z
3200,1339,100,16.3,2021-07-29T15:04:06.188Z,2021-07-29T15:04:06.188Z
3201,2123,31,29.81,2021-07-29T15:04:06.210Z,2021-07-29T15:04:06.210Z
3202,2123,100,27.1,2021-07-29T15:04:06.213Z,2021-07-29T15:04:06.213Z
3203,2124,31,14.74,2021-07-29T15:04:06.236Z,2021-07-29T15:04:06.236Z
3204,2124,100,13.4,2021-07-29T15:04:06.238Z,2021-07-29T15:04:06.238Z
3205,2125,31,15.4,2021-07-29T15:04:06.260Z,2021-07-29T15:04:06.260Z
3206,2125,100,14,2021-07-29T15:04:06.262Z,2021-07-29T15:04:06.262Z
3207,2127,31,13.31,2021-07-29T15:04:06.284Z,2021-07-29T15:04:06.284Z
3208,2127,100,12.1,2021-07-29T15:04:06.287Z,2021-07-29T15:04:06.287Z
3209,2129,31,22.55,2021-07-29T15:04:06.308Z,2021-07-29T15:04:06.308Z
3210,2129,100,20.5,2021-07-29T15:04:06.310Z,2021-07-29T15:04:06.310Z
3211,2130,31,11.33,2021-07-29T15:04:06.332Z,2021-07-29T15:04:06.332Z
3212,2130,100,10.3,2021-07-29T15:04:06.334Z,2021-07-29T15:04:06.334Z
3213,2133,31,14.85,2021-07-29T15:04:06.356Z,2021-07-29T15:04:06.356Z
3214,2133,100,13.5,2021-07-29T15:04:06.359Z,2021-07-29T15:04:06.359Z
3215,2134,31,9.02,2021-07-29T15:04:06.382Z,2021-07-29T15:04:06.382Z
3216,2134,100,8.02,2021-07-29T15:04:06.385Z,2021-07-29T15:04:06.385Z
3217,2145,31,13.64,2021-07-29T15:04:06.407Z,2021-07-29T15:04:06.407Z
3218,2145,100,12.4,2021-07-29T15:04:06.410Z,2021-07-29T15:04:06.410Z
3219,2146,31,10.45,2021-07-29T15:04:06.433Z,2021-07-29T15:04:06.433Z
3220,2146,100,9.5,2021-07-29T15:04:06.436Z,2021-07-29T15:04:06.436Z
3221,2138,31,33.55,2021-07-29T15:04:06.457Z,2021-07-29T15:04:06.457Z
3222,2138,100,30.5,2021-07-29T15:04:06.459Z,2021-07-29T15:04:06.459Z
3223,2153,31,13.31,2021-07-29T15:04:06.481Z,2021-07-29T15:04:06.481Z
3224,2153,100,12.1,2021-07-29T15:04:06.484Z,2021-07-29T15:04:06.484Z
3225,2159,31,21.23,2021-07-29T15:04:06.505Z,2021-07-29T15:04:06.505Z
3226,2159,100,19.3,2021-07-29T15:04:06.508Z,2021-07-29T15:04:06.508Z
3227,2154,31,9.35,2021-07-29T15:04:06.531Z,2021-07-29T15:04:06.531Z
3228,2154,100,8.5,2021-07-29T15:04:06.533Z,2021-07-29T15:04:06.533Z
3229,2158,31,19.36,2021-07-29T15:04:06.555Z,2021-07-29T15:04:06.555Z
3230,2158,100,17.6,2021-07-29T15:04:06.558Z,2021-07-29T15:04:06.558Z
3231,2157,31,17.38,2021-07-29T15:04:06.580Z,2021-07-29T15:04:06.580Z
3232,2157,100,15.8,2021-07-29T15:04:06.582Z,2021-07-29T15:04:06.582Z
3233,2155,31,19.25,2021-07-29T15:04:06.604Z,2021-07-29T15:04:06.604Z
3234,2155,100,17.5,2021-07-29T15:04:06.607Z,2021-07-29T15:04:06.607Z
3235,2152,31,15.62,2021-07-29T15:04:06.629Z,2021-07-29T15:04:06.629Z
3236,2152,100,14.2,2021-07-29T15:04:06.631Z,2021-07-29T15:04:06.631Z
3237,2160,31,20.46,2021-07-29T15:04:06.653Z,2021-07-29T15:04:06.653Z
3238,2160,100,18.6,2021-07-29T15:04:06.655Z,2021-07-29T15:04:06.655Z
3239,2156,31,21.89,2021-07-29T15:04:06.678Z,2021-07-29T15:04:06.678Z
3240,2156,100,19.9,2021-07-29T15:04:06.680Z,2021-07-29T15:04:06.680Z
3241,2161,31,18.26,2021-07-29T15:04:06.704Z,2021-07-29T15:04:06.704Z
3242,2161,100,16.6,2021-07-29T15:04:06.707Z,2021-07-29T15:04:06.707Z
3243,2162,31,11.33,2021-07-29T15:04:06.728Z,2021-07-29T15:04:06.728Z
3244,2162,100,10.3,2021-07-29T15:04:06.730Z,2021-07-29T15:04:06.730Z
3245,2163,31,14.52,2021-07-29T15:04:06.752Z,2021-07-29T15:04:06.752Z
3246,2163,100,13.2,2021-07-29T15:04:06.755Z,2021-07-29T15:04:06.755Z
3050,490,50,28.35,2021-07-28T08:59:59.959Z,2021-07-28T08:59:59.959Z
3051,490,300,18.9,2021-07-28T08:59:59.963Z,2021-07-28T08:59:59.963Z
3052,659,50,18.75,2021-07-28T09:00:00.226Z,2021-07-28T09:00:00.226Z
3053,659,300,12.5,2021-07-28T09:00:00.229Z,2021-07-28T09:00:00.229Z
3054,663,50,17.25,2021-07-28T09:00:00.268Z,2021-07-28T09:00:00.268Z
3055,663,300,11.5,2021-07-28T09:00:00.271Z,2021-07-28T09:00:00.271Z
1948,2309,300,8.9,2021-06-18T11:19:13.240Z,2021-06-18T11:19:13.240Z
1949,2284,300,12.95,2021-06-18T11:19:13.272Z,2021-06-18T11:19:13.272Z
1950,2282,300,18.7,2021-06-18T11:19:13.297Z,2021-06-18T11:19:13.297Z
1951,2287,300,13.6,2021-06-18T11:19:13.317Z,2021-06-18T11:19:13.317Z
3056,657,80,19.2,2021-07-28T09:00:00.303Z,2021-07-28T09:00:00.303Z
1952,2299,300,9.2,2021-06-18T11:19:13.338Z,2021-06-18T11:19:13.338Z
1953,2308,300,6.95,2021-06-18T11:19:13.366Z,2021-06-18T11:19:13.366Z
3057,657,300,12.8,2021-07-28T09:00:00.306Z,2021-07-28T09:00:00.306Z
3058,658,50,22.43,2021-07-28T09:00:00.349Z,2021-07-28T09:00:00.349Z
3059,658,300,14.95,2021-07-28T09:00:00.352Z,2021-07-28T09:00:00.352Z
3060,487,200,15.54,2021-07-28T09:00:00.377Z,2021-07-28T09:00:00.377Z
3061,487,500,11.95,2021-07-28T09:00:00.379Z,2021-07-28T09:00:00.379Z
3062,489,200,14.56,2021-07-28T09:00:00.410Z,2021-07-28T09:00:00.410Z
3063,489,500,11.2,2021-07-28T09:00:00.413Z,2021-07-28T09:00:00.413Z
3064,661,50,15.45,2021-07-28T09:00:00.431Z,2021-07-28T09:00:00.431Z
3065,661,300,10.3,2021-07-28T09:00:00.434Z,2021-07-28T09:00:00.434Z
3066,2255,100,11.25,2021-07-28T09:00:00.454Z,2021-07-28T09:00:00.454Z
3067,2255,500,7.5,2021-07-28T09:00:00.457Z,2021-07-28T09:00:00.457Z
3068,2245,500,9.95,2021-07-28T09:00:00.493Z,2021-07-28T09:00:00.493Z
3069,2245,200,12.94,2021-07-28T09:00:00.496Z,2021-07-28T09:00:00.496Z
3070,2258,80,17.85,2021-07-28T09:00:00.545Z,2021-07-28T09:00:00.545Z
3071,2258,300,11.9,2021-07-28T09:00:00.548Z,2021-07-28T09:00:00.548Z
3072,2259,50,42.45,2021-07-28T09:00:00.569Z,2021-07-28T09:00:00.569Z
3073,2259,300,28.3,2021-07-28T09:00:00.572Z,2021-07-28T09:00:00.572Z
3074,662,50,14.93,2021-07-28T09:00:00.593Z,2021-07-28T09:00:00.593Z
3075,662,300,9.95,2021-07-28T09:00:00.596Z,2021-07-28T09:00:00.596Z
3354,2360,300,4.25,2021-07-29T15:11:11.656Z,2021-07-29T15:11:11.656Z
3355,2363,50,8.39,2021-07-29T15:11:11.675Z,2021-07-29T15:11:11.675Z
3356,2363,300,6.45,2021-07-29T15:11:11.677Z,2021-07-29T15:11:11.677Z
3357,2357,50,8.78,2021-07-29T15:11:11.696Z,2021-07-29T15:11:11.696Z
3358,2357,300,6.75,2021-07-29T15:11:11.698Z,2021-07-29T15:11:11.698Z
3359,2358,50,7.09,2021-07-29T15:11:11.717Z,2021-07-29T15:11:11.717Z
3360,2358,300,5.45,2021-07-29T15:11:11.720Z,2021-07-29T15:11:11.720Z
3361,2354,50,7.65,2021-07-29T15:11:11.739Z,2021-07-29T15:11:11.739Z
3362,2354,300,5.9,2021-07-29T15:11:11.741Z,2021-07-29T15:11:11.741Z
3363,2355,50,7.09,2021-07-29T15:11:11.761Z,2021-07-29T15:11:11.761Z
3364,2355,300,5.45,2021-07-29T15:11:11.763Z,2021-07-29T15:11:11.763Z
3365,2353,50,6.05,2021-07-29T15:11:11.782Z,2021-07-29T15:11:11.782Z
3366,2353,300,4.65,2021-07-29T15:11:11.785Z,2021-07-29T15:11:11.785Z
3367,2356,50,10.25,2021-07-29T15:11:11.804Z,2021-07-29T15:11:11.804Z
3368,2356,300,7.9,2021-07-29T15:11:11.806Z,2021-07-29T15:11:11.806Z
3369,2099,50,6.61,2021-07-29T15:11:11.829Z,2021-07-29T15:11:11.829Z
3370,2099,300,5.75,2021-07-29T15:11:11.832Z,2021-07-29T15:11:11.832Z
3371,2102,50,9.03,2021-07-29T15:11:11.864Z,2021-07-29T15:11:11.864Z
3372,2102,300,7.85,2021-07-29T15:11:11.866Z,2021-07-29T15:11:11.866Z
3373,2100,50,10.98,2021-07-29T15:11:11.885Z,2021-07-29T15:11:11.885Z
3374,2100,300,9.55,2021-07-29T15:11:11.888Z,2021-07-29T15:11:11.888Z
3375,2104,50,9.09,2021-07-29T15:11:11.919Z,2021-07-29T15:11:11.919Z
3376,2104,300,7.9,2021-07-29T15:11:11.922Z,2021-07-29T15:11:11.922Z
3377,2109,50,12.19,2021-07-29T15:11:11.945Z,2021-07-29T15:11:11.945Z
3378,2109,300,10.6,2021-07-29T15:11:11.948Z,2021-07-29T15:11:11.948Z
3379,2110,50,12.36,2021-07-29T15:11:11.983Z,2021-07-29T15:11:11.983Z
3380,2110,300,10.75,2021-07-29T15:11:11.985Z,2021-07-29T15:11:11.985Z
3381,2105,50,9.03,2021-07-29T15:11:12.097Z,2021-07-29T15:11:12.097Z
3382,2105,300,7.85,2021-07-29T15:11:12.099Z,2021-07-29T15:11:12.099Z
3383,2107,50,9.83,2021-07-29T15:11:12.127Z,2021-07-29T15:11:12.127Z
3384,2107,300,8.55,2021-07-29T15:11:12.129Z,2021-07-29T15:11:12.129Z
3385,2112,50,7.99,2021-07-29T15:11:12.152Z,2021-07-29T15:11:12.152Z
3386,2112,300,6.95,2021-07-29T15:11:12.155Z,2021-07-29T15:11:12.155Z
3387,2115,50,5.69,2021-07-29T15:11:12.183Z,2021-07-29T15:11:12.183Z
3388,2115,300,4.95,2021-07-29T15:11:12.185Z,2021-07-29T15:11:12.185Z
3389,2114,50,8.11,2021-07-29T15:11:12.214Z,2021-07-29T15:11:12.214Z
3390,2114,300,7.05,2021-07-29T15:11:12.216Z,2021-07-29T15:11:12.216Z
3391,2117,50,4.43,2021-07-29T15:11:12.244Z,2021-07-29T15:11:12.244Z
3392,2117,300,3.85,2021-07-29T15:11:12.246Z,2021-07-29T15:11:12.246Z
3393,2116,50,10.98,2021-07-29T15:11:12.276Z,2021-07-29T15:11:12.276Z
3394,2116,300,9.55,2021-07-29T15:11:12.279Z,2021-07-29T15:11:12.279Z
3395,2118,50,9.37,2021-07-29T15:11:12.307Z,2021-07-29T15:11:12.307Z
3396,2118,300,8.15,2021-07-29T15:11:12.309Z,2021-07-29T15:11:12.309Z
3397,2119,50,6.38,2021-07-29T15:11:12.333Z,2021-07-29T15:11:12.333Z
3398,2119,300,5.55,2021-07-29T15:11:12.335Z,2021-07-29T15:11:12.335Z
3247,2164,31,12.21,2021-07-29T15:04:06.776Z,2021-07-29T15:04:06.776Z
3248,2164,100,11.1,2021-07-29T15:04:06.779Z,2021-07-29T15:04:06.779Z
3249,1796,31,18.81,2021-07-29T15:04:06.800Z,2021-07-29T15:04:06.800Z
3250,1796,100,17.1,2021-07-29T15:04:06.803Z,2021-07-29T15:04:06.803Z
3251,2150,31,26.73,2021-07-29T15:04:06.824Z,2021-07-29T15:04:06.824Z
3252,2150,100,24.3,2021-07-29T15:04:06.826Z,2021-07-29T15:04:06.826Z
3253,2170,31,21.78,2021-07-29T15:04:06.847Z,2021-07-29T15:04:06.847Z
3254,2170,100,19.8,2021-07-29T15:04:06.850Z,2021-07-29T15:04:06.850Z
3255,2151,31,10.56,2021-07-29T15:04:06.871Z,2021-07-29T15:04:06.871Z
3256,2151,100,9.6,2021-07-29T15:04:06.874Z,2021-07-29T15:04:06.874Z
3257,2168,31,11.22,2021-07-29T15:04:06.895Z,2021-07-29T15:04:06.895Z
3258,2168,100,10.2,2021-07-29T15:04:06.898Z,2021-07-29T15:04:06.898Z
3259,2147,31,8.58,2021-07-29T15:04:06.918Z,2021-07-29T15:04:06.918Z
3260,2147,100,7.8,2021-07-29T15:04:06.921Z,2021-07-29T15:04:06.921Z
3261,2274,31,14.74,2021-07-29T15:04:06.941Z,2021-07-29T15:04:06.941Z
3262,2274,100,13.4,2021-07-29T15:04:06.944Z,2021-07-29T15:04:06.944Z
3263,2273,31,10.56,2021-07-29T15:04:06.965Z,2021-07-29T15:04:06.965Z
3264,2273,100,9.6,2021-07-29T15:04:06.967Z,2021-07-29T15:04:06.967Z
3265,2120,31,29.7,2021-07-29T15:04:06.988Z,2021-07-29T15:04:06.988Z
3266,2120,100,27,2021-07-29T15:04:06.990Z,2021-07-29T15:04:06.990Z
3267,2126,31,19.14,2021-07-29T15:04:07.011Z,2021-07-29T15:04:07.011Z
3268,2126,100,17.4,2021-07-29T15:04:07.014Z,2021-07-29T15:04:07.014Z
3269,1335,31,15.84,2021-07-29T15:04:07.035Z,2021-07-29T15:04:07.035Z
3270,1335,100,14.4,2021-07-29T15:04:07.037Z,2021-07-29T15:04:07.037Z
3271,1338,31,15.73,2021-07-29T15:04:07.058Z,2021-07-29T15:04:07.058Z
3272,1338,100,14.3,2021-07-29T15:04:07.060Z,2021-07-29T15:04:07.060Z
3273,1341,31,17.27,2021-07-29T15:04:07.081Z,2021-07-29T15:04:07.081Z
3274,1341,100,15.7,2021-07-29T15:04:07.083Z,2021-07-29T15:04:07.083Z
3275,1344,31,21.78,2021-07-29T15:04:07.104Z,2021-07-29T15:04:07.104Z
3276,1344,100,19.8,2021-07-29T15:04:07.107Z,2021-07-29T15:04:07.107Z
3277,2122,31,9.35,2021-07-29T15:04:07.128Z,2021-07-29T15:04:07.128Z
3278,2122,100,8.5,2021-07-29T15:04:07.131Z,2021-07-29T15:04:07.131Z
3279,1337,31,18.92,2021-07-29T15:04:07.151Z,2021-07-29T15:04:07.151Z
3280,1337,100,17.2,2021-07-29T15:04:07.154Z,2021-07-29T15:04:07.154Z
3281,2131,31,15.18,2021-07-29T15:04:07.175Z,2021-07-29T15:04:07.175Z
3282,2131,100,13.8,2021-07-29T15:04:07.177Z,2021-07-29T15:04:07.177Z
3283,2135,31,9.24,2021-07-29T15:04:07.199Z,2021-07-29T15:04:07.199Z
3284,2135,100,8.4,2021-07-29T15:04:07.201Z,2021-07-29T15:04:07.201Z
3285,2137,31,29.04,2021-07-29T15:04:07.224Z,2021-07-29T15:04:07.224Z
3286,2137,100,26.4,2021-07-29T15:04:07.227Z,2021-07-29T15:04:07.227Z
3287,2140,31,9.02,2021-07-29T15:04:07.248Z,2021-07-29T15:04:07.248Z
3288,2140,100,8.2,2021-07-29T15:04:07.250Z,2021-07-29T15:04:07.250Z
3289,2141,31,15.29,2021-07-29T15:04:07.272Z,2021-07-29T15:04:07.272Z
3290,2141,100,13.9,2021-07-29T15:04:07.274Z,2021-07-29T15:04:07.274Z
3291,2142,31,8.58,2021-07-29T15:04:07.295Z,2021-07-29T15:04:07.295Z
3292,2142,100,7.8,2021-07-29T15:04:07.297Z,2021-07-29T15:04:07.297Z
3293,2144,31,9.57,2021-07-29T15:04:07.318Z,2021-07-29T15:04:07.318Z
3294,2144,100,8.7,2021-07-29T15:04:07.321Z,2021-07-29T15:04:07.321Z
3295,2148,31,10.12,2021-07-29T15:04:07.342Z,2021-07-29T15:04:07.342Z
3296,2148,100,9.2,2021-07-29T15:04:07.345Z,2021-07-29T15:04:07.345Z
3297,2149,31,10.89,2021-07-29T15:04:07.367Z,2021-07-29T15:04:07.367Z
3298,2149,100,9.9,2021-07-29T15:04:07.370Z,2021-07-29T15:04:07.370Z
3299,1342,31,21.23,2021-07-29T15:04:07.392Z,2021-07-29T15:04:07.392Z
3300,1342,100,19.3,2021-07-29T15:04:07.394Z,2021-07-29T15:04:07.394Z
3301,2165,31,14.74,2021-07-29T15:04:07.416Z,2021-07-29T15:04:07.416Z
3302,2165,100,13.4,2021-07-29T15:04:07.419Z,2021-07-29T15:04:07.419Z
3303,2166,31,21.01,2021-07-29T15:04:07.440Z,2021-07-29T15:04:07.440Z
3304,2166,100,19.1,2021-07-29T15:04:07.443Z,2021-07-29T15:04:07.443Z
3305,2167,31,7.48,2021-07-29T15:04:07.465Z,2021-07-29T15:04:07.465Z
3306,2167,100,6.8,2021-07-29T15:04:07.468Z,2021-07-29T15:04:07.468Z
3307,2169,31,10.89,2021-07-29T15:04:07.493Z,2021-07-29T15:04:07.493Z
3308,2169,100,9.9,2021-07-29T15:04:07.495Z,2021-07-29T15:04:07.495Z
3309,2128,31,23.43,2021-07-29T15:04:07.516Z,2021-07-29T15:04:07.516Z
3310,2128,100,21.3,2021-07-29T15:04:07.519Z,2021-07-29T15:04:07.519Z
3311,2121,31,27.06,2021-07-29T15:04:07.553Z,2021-07-29T15:04:07.553Z
3312,2121,100,24.6,2021-07-29T15:04:07.556Z,2021-07-29T15:04:07.556Z
3313,2136,31,12.76,2021-07-29T15:04:07.577Z,2021-07-29T15:04:07.577Z
3314,2136,100,11.6,2021-07-29T15:04:07.580Z,2021-07-29T15:04:07.580Z
3315,1340,31,14.19,2021-07-29T15:04:07.602Z,2021-07-29T15:04:07.602Z
3316,1340,100,12.9,2021-07-29T15:04:07.604Z,2021-07-29T15:04:07.604Z
3317,1797,31,19.8,2021-07-29T15:04:07.625Z,2021-07-29T15:04:07.625Z
3318,1797,100,18,2021-07-29T15:04:07.628Z,2021-07-29T15:04:07.628Z
3319,1345,31,16.72,2021-07-29T15:04:07.651Z,2021-07-29T15:04:07.651Z
3320,1345,100,15.2,2021-07-29T15:04:07.660Z,2021-07-29T15:04:07.660Z
3321,1336,31,16.94,2021-07-29T15:04:07.681Z,2021-07-29T15:04:07.681Z
3322,1336,100,15.4,2021-07-29T15:04:07.684Z,2021-07-29T15:04:07.684Z
3323,1343,31,18.15,2021-07-29T15:04:07.706Z,2021-07-29T15:04:07.706Z
3324,1343,100,16.5,2021-07-29T15:04:07.708Z,2021-07-29T15:04:07.708Z
3325,1798,31,60.5,2021-07-29T15:04:07.731Z,2021-07-29T15:04:07.731Z
3326,1798,100,55,2021-07-29T15:04:07.734Z,2021-07-29T15:04:07.734Z
3420,2335,50,70,2021-08-02T15:12:38.417Z,2021-08-02T15:12:38.417Z
3421,2335,500,65,2021-08-02T15:12:38.419Z,2021-08-02T15:12:38.419Z
3422,2335,1000,55,2021-08-02T15:12:38.422Z,2021-08-02T15:12:38.422Z
3423,2335,5000,45,2021-08-02T15:12:38.424Z,2021-08-02T15:12:38.424Z
3424,2070,50,86,2021-08-02T15:12:38.453Z,2021-08-02T15:12:38.453Z
3425,2070,500,81,2021-08-02T15:12:38.455Z,2021-08-02T15:12:38.455Z
3426,2070,1000,71,2021-08-02T15:12:38.458Z,2021-08-02T15:12:38.458Z
3427,2070,5000,61,2021-08-02T15:12:38.460Z,2021-08-02T15:12:38.460Z
3491,1984,350,21.8,2021-08-05T12:58:40.177Z,2021-08-05T12:58:40.177Z
3492,1983,350,21.9,2021-08-05T12:58:40.198Z,2021-08-05T12:58:40.198Z
3493,1985,300,21.5,2021-08-05T12:58:40.218Z,2021-08-05T12:58:40.218Z
3494,1982,320,28.8,2021-08-05T12:58:40.239Z,2021-08-05T12:58:40.239Z
3495,1978,320,9.8,2021-08-05T12:58:40.279Z,2021-08-05T12:58:40.279Z
3496,1979,360,9.8,2021-08-05T12:58:40.299Z,2021-08-05T12:58:40.299Z
3497,1977,300,15.8,2021-08-05T12:58:40.318Z,2021-08-05T12:58:40.318Z
3498,1980,315,12.8,2021-08-05T12:58:40.338Z,2021-08-05T12:58:40.338Z
3499,1976,320,8.2,2021-08-05T12:58:40.358Z,2021-08-05T12:58:40.358Z
1954,2315,300,11.95,2021-06-18T11:19:13.391Z,2021-06-18T11:19:13.391Z
1955,2313,300,12.1,2021-06-18T11:19:13.418Z,2021-06-18T11:19:13.418Z
1956,2280,300,10.3,2021-06-18T11:19:13.443Z,2021-06-18T11:19:13.443Z
1957,2281,300,9.5,2021-06-18T11:19:13.467Z,2021-06-18T11:19:13.467Z
1958,2283,300,13.4,2021-06-18T11:19:13.491Z,2021-06-18T11:19:13.491Z
1959,2285,300,12.9,2021-06-18T11:19:13.515Z,2021-06-18T11:19:13.515Z
1960,2286,300,12.9,2021-06-18T11:19:13.534Z,2021-06-18T11:19:13.534Z
1961,2297,300,7.5,2021-06-18T11:19:13.553Z,2021-06-18T11:19:13.553Z
1962,2291,300,8.8,2021-06-18T11:19:13.579Z,2021-06-18T11:19:13.579Z
1963,2290,300,8.8,2021-06-18T11:19:13.603Z,2021-06-18T11:19:13.603Z
1964,2295,300,9.1,2021-06-18T11:19:13.626Z,2021-06-18T11:19:13.626Z
1965,2288,300,6.35,2021-06-18T11:19:13.655Z,2021-06-18T11:19:13.655Z
1966,2292,300,5,2021-06-18T11:19:13.680Z,2021-06-18T11:19:13.680Z
1967,2289,300,6.95,2021-06-18T11:19:13.703Z,2021-06-18T11:19:13.703Z
1968,2296,300,6.8,2021-06-18T11:19:13.727Z,2021-06-18T11:19:13.727Z
1969,2293,300,8.1,2021-06-18T11:19:13.751Z,2021-06-18T11:19:13.751Z
1970,2298,300,10.45,2021-06-18T11:19:13.771Z,2021-06-18T11:19:13.771Z
1971,2300,300,8.5,2021-06-18T11:19:13.791Z,2021-06-18T11:19:13.791Z
1972,2301,300,12.4,2021-06-18T11:19:13.810Z,2021-06-18T11:19:13.810Z
1973,2303,300,5.95,2021-06-18T11:19:13.834Z,2021-06-18T11:19:13.834Z
1974,2302,300,5.9,2021-06-18T11:19:13.858Z,2021-06-18T11:19:13.858Z
1975,2304,300,6.95,2021-06-18T11:19:13.881Z,2021-06-18T11:19:13.881Z
1976,2305,300,6.15,2021-06-18T11:19:13.905Z,2021-06-18T11:19:13.905Z
1977,2311,300,17.9,2021-06-18T11:19:13.925Z,2021-06-18T11:19:13.925Z
1978,2310,300,18.4,2021-06-18T11:19:13.945Z,2021-06-18T11:19:13.945Z
1979,2312,300,9.5,2021-06-18T11:19:13.968Z,2021-06-18T11:19:13.968Z
1980,2317,300,7.9,2021-06-18T11:19:13.994Z,2021-06-18T11:19:13.994Z
1981,2316,300,8.45,2021-06-18T11:19:14.018Z,2021-06-18T11:19:14.018Z
1982,2314,300,12.9,2021-06-18T11:19:14.046Z,2021-06-18T11:19:14.046Z
1983,2318,300,6.2,2021-06-18T11:19:14.069Z,2021-06-18T11:19:14.069Z
1984,2294,300,7.9,2021-06-18T11:19:14.095Z,2021-06-18T11:19:14.095Z
3076,494,200,9.05,2021-07-28T09:00:00.621Z,2021-07-28T09:00:00.621Z
3077,494,500,6.95,2021-07-28T09:00:00.624Z,2021-07-28T09:00:00.624Z
3078,486,80,24.75,2021-07-28T09:00:00.674Z,2021-07-28T09:00:00.674Z
3079,486,300,16.5,2021-07-28T09:00:00.677Z,2021-07-28T09:00:00.677Z
3080,652,200,20.54,2021-07-28T09:00:00.718Z,2021-07-28T09:00:00.718Z
3081,652,500,15.8,2021-07-28T09:00:00.720Z,2021-07-28T09:00:00.720Z
3082,492,200,14.15,2021-07-28T09:00:00.746Z,2021-07-28T09:00:00.746Z
3083,492,500,10.9,2021-07-28T09:00:00.749Z,2021-07-28T09:00:00.749Z
3084,500,80,28.35,2021-07-28T09:00:00.770Z,2021-07-28T09:00:00.770Z
3085,500,300,18.9,2021-07-28T09:00:00.772Z,2021-07-28T09:00:00.772Z
3086,499,80,28.35,2021-07-28T09:00:00.793Z,2021-07-28T09:00:00.793Z
3087,499,300,18.9,2021-07-28T09:00:00.796Z,2021-07-28T09:00:00.796Z
3088,493,200,11.95,2021-07-28T09:00:00.835Z,2021-07-28T09:00:00.835Z
3089,493,500,9.2,2021-07-28T09:00:00.838Z,2021-07-28T09:00:00.838Z
3090,664,80,26.25,2021-07-28T09:00:00.873Z,2021-07-28T09:00:00.873Z
3091,664,300,17.5,2021-07-28T09:00:00.875Z,2021-07-28T09:00:00.875Z
3092,501,80,36.75,2021-07-28T09:00:00.899Z,2021-07-28T09:00:00.899Z
3093,501,300,24.5,2021-07-28T09:00:00.902Z,2021-07-28T09:00:00.902Z
3094,653,80,22.35,2021-07-28T09:00:00.929Z,2021-07-28T09:00:00.929Z
3095,653,300,14.9,2021-07-28T09:00:00.931Z,2021-07-28T09:00:00.931Z
1985,2306,300,8.3,2021-06-18T11:19:14.129Z,2021-06-18T11:19:14.129Z
1986,2307,300,6.95,2021-06-18T11:19:14.156Z,2021-06-18T11:19:14.156Z
3096,495,80,20.85,2021-07-28T09:00:00.956Z,2021-07-28T09:00:00.956Z
3097,495,300,13.9,2021-07-28T09:00:00.958Z,2021-07-28T09:00:00.958Z
3098,649,80,26.85,2021-07-28T09:00:00.978Z,2021-07-28T09:00:00.978Z
3099,649,300,17.9,2021-07-28T09:00:00.980Z,2021-07-28T09:00:00.980Z
3100,660,50,20.7,2021-07-28T09:00:01.016Z,2021-07-28T09:00:01.016Z
3101,660,300,13.8,2021-07-28T09:00:01.018Z,2021-07-28T09:00:01.018Z
3102,650,80,26.25,2021-07-28T09:00:01.038Z,2021-07-28T09:00:01.038Z
3103,650,300,17.5,2021-07-28T09:00:01.041Z,2021-07-28T09:00:01.041Z
3104,651,80,25.35,2021-07-28T09:00:01.062Z,2021-07-28T09:00:01.062Z
3105,651,300,16.9,2021-07-28T09:00:01.065Z,2021-07-28T09:00:01.065Z
3106,2264,200,17.1,2021-07-28T09:00:01.086Z,2021-07-28T09:00:01.086Z
3107,2264,500,11.4,2021-07-28T09:00:01.089Z,2021-07-28T09:00:01.089Z
3108,2249,80,26.85,2021-07-28T09:00:01.111Z,2021-07-28T09:00:01.111Z
3109,2249,300,17.9,2021-07-28T09:00:01.113Z,2021-07-28T09:00:01.113Z
3110,2250,80,40.35,2021-07-28T09:00:01.157Z,2021-07-28T09:00:01.157Z
3111,2250,300,26.9,2021-07-28T09:00:01.162Z,2021-07-28T09:00:01.162Z
3112,497,200,9.25,2021-07-28T09:00:01.256Z,2021-07-28T09:00:01.256Z
3113,497,500,7.1,2021-07-28T09:00:01.259Z,2021-07-28T09:00:01.259Z
3114,654,200,14.25,2021-07-28T09:00:01.303Z,2021-07-28T09:00:01.303Z
3115,654,300,10.95,2021-07-28T09:00:01.306Z,2021-07-28T09:00:01.306Z
3116,496,50,23.85,2021-07-28T09:00:01.356Z,2021-07-28T09:00:01.356Z
3117,496,300,15.9,2021-07-28T09:00:01.359Z,2021-07-28T09:00:01.359Z
3118,655,200,11.635,2021-07-28T09:00:01.394Z,2021-07-28T09:00:01.394Z
3119,655,500,8.95,2021-07-28T09:00:01.397Z,2021-07-28T09:00:01.397Z
3120,656,200,12.75,2021-07-28T09:00:01.446Z,2021-07-28T09:00:01.446Z
3121,656,500,9.8,2021-07-28T09:00:01.451Z,2021-07-28T09:00:01.451Z
3122,488,200,12.35,2021-07-28T09:00:01.610Z,2021-07-28T09:00:01.610Z
3123,488,500,9.5,2021-07-28T09:00:01.613Z,2021-07-28T09:00:01.613Z
3124,491,50,26.85,2021-07-28T09:00:01.687Z,2021-07-28T09:00:01.687Z
3125,491,300,17.9,2021-07-28T09:00:01.690Z,2021-07-28T09:00:01.690Z
3126,2251,200,13.78,2021-07-28T09:00:01.735Z,2021-07-28T09:00:01.735Z
3127,2251,500,10.6,2021-07-28T09:00:01.737Z,2021-07-28T09:00:01.737Z
3128,498,200,14.25,2021-07-28T09:00:01.816Z,2021-07-28T09:00:01.816Z
3129,498,500,10.95,2021-07-28T09:00:01.819Z,2021-07-28T09:00:01.819Z
3130,2276,50,12.99,2021-07-29T15:00:06.375Z,2021-07-29T15:00:06.375Z
3131,1202,50,7.99,2021-07-29T15:00:06.443Z,2021-07-29T15:00:06.443Z
3132,849,50,20.99,2021-07-29T15:00:06.482Z,2021-07-29T15:00:06.482Z
3133,1410,50,12.99,2021-07-29T15:00:06.524Z,2021-07-29T15:00:06.524Z
3134,2328,50,7.99,2021-07-29T15:00:06.546Z,2021-07-29T15:00:06.546Z
3135,2320,50,8.99,2021-07-29T15:00:06.573Z,2021-07-29T15:00:06.573Z
3136,2322,70,10,2021-07-29T15:00:06.602Z,2021-07-29T15:00:06.602Z
3137,1134,50,10.5,2021-07-29T15:00:06.637Z,2021-07-29T15:00:06.637Z
3138,1132,50,10.5,2021-07-29T15:00:06.674Z,2021-07-29T15:00:06.674Z
3139,1139,50,10.5,2021-07-29T15:00:06.721Z,2021-07-29T15:00:06.721Z
3140,2330,50,17.9,2021-07-29T15:00:06.743Z,2021-07-29T15:00:06.743Z
3141,2324,70,9.99,2021-07-29T15:00:06.769Z,2021-07-29T15:00:06.769Z
3142,2325,70,10.6,2021-07-29T15:00:06.794Z,2021-07-29T15:00:06.794Z
3143,2327,50,9.9,2021-07-29T15:00:06.819Z,2021-07-29T15:00:06.819Z
3144,2326,50,8.6,2021-07-29T15:00:06.843Z,2021-07-29T15:00:06.843Z
3145,2329,50,10.99,2021-07-29T15:00:06.863Z,2021-07-29T15:00:06.863Z
3146,2331,50,10.9,2021-07-29T15:00:06.883Z,2021-07-29T15:00:06.883Z
3147,2332,50,12.8,2021-07-29T15:00:06.903Z,2021-07-29T15:00:06.903Z
3148,1506,80,26.85,2021-07-29T15:00:06.931Z,2021-07-29T15:00:06.931Z
3149,2319,50,3.99,2021-07-29T15:00:06.956Z,2021-07-29T15:00:06.956Z
3150,2321,50,8.99,2021-07-29T15:00:06.981Z,2021-07-29T15:00:06.981Z
3151,2333,50,5.5,2021-07-29T15:00:07.001Z,2021-07-29T15:00:07.001Z
3152,1124,50,27.5,2021-07-29T15:00:07.028Z,2021-07-29T15:00:07.028Z
3153,1413,50,6.99,2021-07-29T15:00:07.055Z,2021-07-29T15:00:07.055Z
3154,1194,50,13.99,2021-07-29T15:00:07.083Z,2021-07-29T15:00:07.083Z
3155,1126,50,11.99,2021-07-29T15:00:07.112Z,2021-07-29T15:00:07.112Z
3156,1130,70,8.99,2021-07-29T15:00:07.141Z,2021-07-29T15:00:07.141Z
3157,1128,50,12.99,2021-07-29T15:00:07.169Z,2021-07-29T15:00:07.169Z
3158,1129,50,13.99,2021-07-29T15:00:07.197Z,2021-07-29T15:00:07.197Z
3159,1135,50,10.5,2021-07-29T15:00:07.225Z,2021-07-29T15:00:07.225Z
3160,1204,50,7.99,2021-07-29T15:00:07.253Z,2021-07-29T15:00:07.253Z
3161,1205,50,10.99,2021-07-29T15:00:07.281Z,2021-07-29T15:00:07.281Z
3162,1131,50,13.99,2021-07-29T15:00:07.310Z,2021-07-29T15:00:07.310Z
3163,1140,50,8.5,2021-07-29T15:00:07.338Z,2021-07-29T15:00:07.338Z
3164,1207,50,9.5,2021-07-29T15:00:07.368Z,2021-07-29T15:00:07.368Z
3165,1195,50,18.5,2021-07-29T15:00:07.398Z,2021-07-29T15:00:07.398Z
3166,1141,50,12.5,2021-07-29T15:00:07.428Z,2021-07-29T15:00:07.428Z
3167,1206,50,7.5,2021-07-29T15:00:07.459Z,2021-07-29T15:00:07.459Z
3168,1127,50,12,2021-07-29T15:00:07.488Z,2021-07-29T15:00:07.488Z
3169,1210,50,29,2021-07-29T15:00:07.516Z,2021-07-29T15:00:07.516Z
3170,842,50,17.5,2021-07-29T15:00:07.544Z,2021-07-29T15:00:07.544Z
3171,1143,50,15.99,2021-07-29T15:00:07.572Z,2021-07-29T15:00:07.572Z
3172,1411,50,9.5,2021-07-29T15:00:07.601Z,2021-07-29T15:00:07.601Z
3173,1409,50,13.99,2021-07-29T15:00:07.629Z,2021-07-29T15:00:07.629Z
3174,1187,50,11.99,2021-07-29T15:00:07.658Z,2021-07-29T15:00:07.658Z
3175,1142,50,15.9,2021-07-29T15:00:07.686Z,2021-07-29T15:00:07.686Z
3176,1188,50,12.99,2021-07-29T15:00:07.716Z,2021-07-29T15:00:07.716Z
3177,1189,50,11.5,2021-07-29T15:00:07.744Z,2021-07-29T15:00:07.744Z
3178,845,50,11.9,2021-07-29T15:00:07.774Z,2021-07-29T15:00:07.774Z
3179,844,50,40,2021-07-29T15:00:07.802Z,2021-07-29T15:00:07.802Z
3180,846,50,38.9,2021-07-29T15:00:07.830Z,2021-07-29T15:00:07.830Z
3181,843,50,40,2021-07-29T15:00:07.858Z,2021-07-29T15:00:07.858Z
3182,1190,50,11.99,2021-07-29T15:00:07.886Z,2021-07-29T15:00:07.886Z
3183,1136,50,9.99,2021-07-29T15:00:07.913Z,2021-07-29T15:00:07.913Z
3184,1192,50,8.99,2021-07-29T15:00:07.940Z,2021-07-29T15:00:07.940Z
3185,1137,50,7.99,2021-07-29T15:00:07.969Z,2021-07-29T15:00:07.969Z
3186,1193,50,14.99,2021-07-29T15:00:07.999Z,2021-07-29T15:00:07.999Z
3187,1191,50,6.99,2021-07-29T15:00:08.026Z,2021-07-29T15:00:08.026Z
3188,1138,50,7.5,2021-07-29T15:00:08.053Z,2021-07-29T15:00:08.053Z
3189,1125,50,28.5,2021-07-29T15:00:08.081Z,2021-07-29T15:00:08.081Z
3190,1203,50,10.99,2021-07-29T15:00:08.109Z,2021-07-29T15:00:08.109Z
3191,1209,50,14.5,2021-07-29T15:00:08.139Z,2021-07-29T15:00:08.139Z
3192,847,50,10.99,2021-07-29T15:00:08.171Z,2021-07-29T15:00:08.171Z
3193,1133,50,9.5,2021-07-29T15:00:08.200Z,2021-07-29T15:00:08.200Z
3194,1412,50,14.95,2021-07-29T15:00:08.229Z,2021-07-29T15:00:08.229Z
3195,1208,50,8.99,2021-07-29T15:00:08.256Z,2021-07-29T15:00:08.256Z
3196,848,50,14.99,2021-07-29T15:00:08.285Z,2021-07-29T15:00:08.285Z
